{"cameraMode":{"drawMode":0,"name":"Shaded","section":"Shading Mode"},"sceneLighting":false,"audioPlay":false,"sceneViewState":{"m_AlwaysRefresh":false,"showFog":true,"showSkybox":false,"showFlares":true,"showImageEffects":true,"showParticleSystems":true,"showVisualEffectGraphs":true,"m_FxEnabled":true},"in2DMode":false,"pivot":{"x":0.6467318534851074,"y":0.2848067283630371,"z":0.6748771667480469},"rotation":{"x":-0.06683898717164993,"y":-0.017369801178574563,"z":0.0012030613142997027,"w":-0.9976489543914795},"size":9.492100715637207,"orthographic":false}