{"cameraMode":{"drawMode":0,"name":"Shaded","section":"Shading Mode"},"sceneLighting":false,"audioPlay":false,"sceneViewState":{"m_AlwaysRefresh":false,"showFog":true,"showSkybox":false,"showFlares":true,"showImageEffects":true,"showParticleSystems":true,"showVisualEffectGraphs":true,"m_FxEnabled":true},"in2DMode":false,"pivot":{"x":154.54098510742188,"y":231.92906188964845,"z":-494.58380126953127},"rotation":{"x":-0.16454295814037324,"y":-0.014206530526280404,"z":0.0023720120079815389,"w":-0.9862778782844544},"size":26.194419860839845,"orthographic":false}